net,length_um
clknet_1_0__leaf_clk,409.53
clknet_1_1__leaf_clk,383.72
_1207_,278.04
_0988_,265.22
_1065_,264.825
_0715_,264.5
_1704_,251.51
_0528_,250.9
_0590_,231.04
reg_file.registers\[5\]\[4\],213.47
_1063_,213.19
_0519_,212.24
_0477_,208.11
_0785_,205.93
_0786_,202.17
_1058_,200.02
_1003_,199.98
clk,191.31
_1145_,190.62
_1004_,186.8
_0558_,186.565
_1069_,184.235
_0680_,182.665
_1483_,182.66
_1468_,180.29
_0608_,178.405
_1025_,177.97
_1064_,175.345
_1155_,175.3
_1472_,172.39
_1073_,172.3
_0562_,171.895
_1018_,171.625
_0991_,169.405
_1332_,169.32
_0483_,167.96
_0990_,166.02
_1014_,164.73
_1153_,164.54
_0408_,162.765
_0698_,160.52
_0693_,159.725
_1700_,156.84
_1071_,156.28
_1692_,154.66
_1137_,154.16
_0599_,154.005
_0995_,153.39
_0567_,151.69
_0750_,151.575
_0996_,149.9
_0457_,149.33
clknet_leaf_5_clk,148.56
_0564_,147.5
_0557_,147.06
_0718_,145.68
_1476_,145.48
_1019_,142.72
reg_file.registers\[10\]\[0\],142.26
_0563_,140.475
_1013_,138.18
_0566_,137.84
_0863_,137.6
_0588_,137.46
reg_file.registers\[10\]\[3\],137.1
_0862_,136.875
_0692_,135.88
_1250_,135.65
_0539_,135.62
_1108_,135.6
_0610_,134.84
_0994_,133.69
reg_file.registers\[10\]\[4\],132.37
_1059_,128.34
reg_file.registers\[10\]\[2\],128.31
_0697_,126.88
_0742_,126.5
_0927_,124.285
_0493_,124.12
_0928_,123.63
clknet_leaf_4_clk,123.28
_1713_,123.07
_1107_,120.76
_1714_,119.96
_0770_,119.7
_1717_,118.91
_0559_,118.02
_1383_,117.76
_0752_,117.505
_0725_,117.44
_0568_,117.38
_1397_,117.225
_0597_,117.04
_1484_,116.25
_1016_,115.915
clknet_leaf_18_clk,114.38
_1002_,112.96
clknet_leaf_21_clk,112.82
_1705_,111.42
_1718_,111.26
clknet_leaf_11_clk,110.28
_1022_,109.92
_1407_,109.64
_1691_,109.48
_1114_,109.24
_1495_,109.21
_1068_,109.14
_1115_,109.05
_0791_,108.82
_0579_,108.56
_1697_,108.13
_0834_,107.24
_0694_,106.29
_1712_,106.22
_1200_,105.975
clknet_leaf_17_clk,105.54
_0790_,104.865
_0819_,103.52
_1557_,103.52
_0594_,103.48
_0731_,103.46
_0711_,103.42
clknet_leaf_7_clk,103.01
_0842_,101.54
_0504_,100.44
clknet_0_clk,99.95
_1026_,99.86
_0802_,99.72
_1719_,99.52
clknet_leaf_0_clk,99.03
net49,98.82
_1376_,97.8
_1244_,97.45
_1375_,97.1
_1434_,96.85
_0815_,96.79
_0880_,96.4
_1694_,95.99
_0792_,94.82
_0788_,94.52
_1345_,94.44
_1140_,94.25
_1415_,94.22
_0482_,93.62
_1708_,93.48
_0893_,93.3
_1449_,93.27
_0917_,93.14
_1298_,93.02
_1696_,92.18
_0806_,91.96
_0795_,91.78
_0448_,91.54
_0888_,90.41
_0771_,89.78
_1698_,89.78
clknet_leaf_6_clk,89.76
_0578_,89.36
_0853_,89
_1437_,88.32
_1711_,88.22
_1017_,88.14
_1454_,87.86
clknet_leaf_16_clk,87.76
net1,87.175
_0741_,87.06
_0902_,86.82
_0580_,86.46
_1695_,86.32
_0732_,86.17
_0717_,86.01
_0574_,85.84
_1459_,85.73
_0572_,85.64
_1693_,85.52
_0913_,85.1
_0825_,85.06
_0575_,84.67
_0907_,84.06
_1128_,82.97
_0929_,82.46
_0979_,81.89
_1291_,81.53
_1441_,81.25
_1703_,80.96
_1072_,80.79
reg_file.registers\[10\]\[8\],80.46
clknet_leaf_13_clk,79.2
_0874_,78.94
_0864_,78.38
reg_file.registers\[11\]\[23\],78
clknet_leaf_20_clk,77.96
_0914_,77.56
clknet_leaf_3_clk,77.4
_0870_,77.38
_1429_,76.795
_0772_,76.69
_0922_,76.61
_1139_,76.54
_1391_,75.84
_1706_,75.54
_1318_,75.53
_1070_,75.26
_1232_,74.7
_0409_,74.62
_1558_,74.5
_0707_,74.42
_1579_,74.35
_1267_,74.23
_1032_,73.68
clknet_leaf_10_clk,73.56
_1233_,73.415
_0481_,73.13
_0947_,72.83
_1707_,72.83
_1184_,72.405
_1329_,72.38
_0726_,72.3
reg_file.registers\[10\]\[9\],71.64
_1008_,71.5
_0411_,70.545
_1464_,69.58
net37,69.28
_1702_,69.24
_1444_,69.22
_0518_,68.68
_0458_,68.08
_0469_,67.6
_0934_,66.9
_1360_,66.465
_0415_,66.405
_1243_,66.31
_1365_,65.84
_0691_,65.7
_1193_,65.29
clknet_leaf_1_clk,64.84
reg_file.registers\[10\]\[13\],63.7
reg_file.registers\[11\]\[4\],63.3
display.digit_sel\[0\],63.14
clknet_leaf_12_clk,62.96
_0847_,62.92
_1622_,62.72
reg_file.registers\[11\]\[0\],62.42
imem.address\[5\],62.28
_1423_,61.86
_1331_,61.72
_0944_,61.49
reg_file.registers\[11\]\[5\],61.42
_0723_,61.32
clknet_leaf_14_clk,60.9
_1399_,60.76
_0455_,60.56
_1000_,60.34
_0951_,60.26
clknet_leaf_15_clk,60.16
_1192_,59.08
_1074_,58.94
clknet_leaf_9_clk,58.72
reg_file.registers\[10\]\[14\],58.485
_0762_,58.42
_0761_,58.4
_1294_,58.375
reg_file.registers\[10\]\[29\],57.8
reg_file.registers\[5\]\[1\],57.52
reg_file.registers\[10\]\[22\],57.32
_0451_,57.3
_1312_,57.3
_0939_,56.64
_1463_,55.84
_0410_,55.825
reg_file.registers\[11\]\[14\],55.1
_1150_,55
_0894_,54.97
_1241_,54.62
_1574_,54.6
reg_file.registers\[10\]\[12\],54.44
_1055_,54.04
_1110_,53.92
_1630_,53.9
_0989_,53.89
net35,53.88
_1688_,53.8
net44,53.76
_1344_,53.5
net17,53.38
reg_file.registers\[10\]\[7\],52.88
reg_file.registers\[11\]\[2\],52.76
_1634_,52.68
_1631_,52.6
reg_file.registers\[10\]\[20\],52.5
reg_file.registers\[10\]\[10\],52.36
reg_file.registers\[11\]\[30\],52.28
reg_file.registers\[10\]\[24\],52.1
_1265_,52
_0970_,51.75
_0561_,51.695
reg_file.registers\[10\]\[16\],51.53
_1015_,51.14
reg_file.registers\[10\]\[5\],51.14
clknet_leaf_8_clk,51.08
_1642_,50.64
_1607_,50.62
_1366_,50.36
_0479_,50.32
_1053_,50.3
_1428_,50.1
_1612_,50
_1084_,49.8
_1587_,49.74
reg_file.registers\[11\]\[26\],49.74
reg_file.registers\[11\]\[9\],49.5
reg_file.registers\[10\]\[21\],49.36
_0679_,49.3
display.digit_sel\[1\],49.13
_1585_,48.86
_1425_,48.72
_1621_,48.72
_1161_,48.58
_1143_,48.5
reg_file.registers\[10\]\[19\],48.18
_1157_,48.06
net54,47.88
reset,47.77
_0582_,47.7
_1317_,47.42
_0573_,47.22
reg_file.registers\[10\]\[23\],47.21
_1710_,47.12
_1396_,47.04
reg_file.registers\[2\]\[4\],46.24
_1443_,46.12
_0984_,45.96
_1567_,45.66
reg_file.registers\[11\]\[3\],45.66
_0622_,45.48
_1254_,45.09
reg_file.registers\[10\]\[18\],44.96
_1619_,44.92
_0768_,44.48
_0649_,44.3
reg_file.registers\[10\]\[15\],44.2
_1644_,44.14
_1581_,44.07
_0619_,44.06
_1308_,43.82
_1372_,43.7
_1420_,43.44
_1519_,43.02
reg_file.registers\[10\]\[17\],42.94
_1152_,42.74
_0642_,42.56
_0689_,42.16
_0671_,42.06
_0936_,41.96
_1052_,41.92
_0666_,41.72
_0612_,41.7
_0658_,41.68
_0702_,41.68
_1362_,41.54
reg_file.registers\[11\]\[19\],41.5
_1113_,41.46
_0776_,41.36
reg_file.registers\[11\]\[29\],41.32
_0831_,41.28
_1577_,41.02
reg_file.registers\[11\]\[1\],40.92
_1608_,40.89
_0456_,40.8
_0616_,40.78
_1590_,40.7
reg_file.registers\[11\]\[12\],40.43
_0747_,40.38
_1078_,40.28
_1522_,40.08
_0464_,39.86
reg_file.registers\[10\]\[11\],39.8
_0745_,39.74
_1347_,39.74
_1257_,39.5
net16,39.36
reg_file.registers\[11\]\[24\],39.34
_1421_,39.28
_1138_,39.24
_0470_,39.12
_0701_,39.12
_1387_,38.78
_0639_,38.7
_1640_,38.48
_1343_,38.44
_1206_,38.4
reg_file.registers\[11\]\[8\],38.315
_0475_,38.24
_0744_,37.9
_0857_,37.66
net20,37.66
_0607_,37.56
_0755_,37.38
_0933_,37.3
reg_file.registers\[10\]\[6\],37.28
_1225_,36.8
reg_file.registers\[11\]\[6\],36.74
_1348_,36.62
reg_file.registers\[11\]\[13\],36.54
_0651_,36.4
_0569_,36.18
_1285_,36.18
_0967_,36.1
_1439_,35.92
_1457_,35.89
_1390_,35.88
_1616_,35.76
reg_file.registers\[10\]\[28\],35.705
_0971_,35.66
_0710_,35.46
_1382_,35.34
reg_file.registers\[10\]\[25\],35.3
reg_file.registers\[10\]\[27\],34.8
_0662_,34.78
_1386_,34.58
_1239_,34.44
_0466_,34.4
_1033_,34.34
_0453_,34.105
reg_file.registers\[11\]\[16\],34.1
_1440_,33.78
_1649_,33.56
reg_file.registers\[10\]\[26\],33.48
_1125_,33.26
reg_file.registers\[15\]\[4\],33.22
_0586_,33.2
_1458_,33.12
_0654_,32.96
_1534_,32.955
_1054_,32.88
reg_file.registers\[15\]\[1\],32.87
reg_file.registers\[11\]\[17\],32.7
_0592_,32.44
_1231_,32.3
_0624_,32.18
_1648_,32.16
_1530_,32.12
_0463_,31.92
_0871_,31.76
_0627_,31.62
_1088_,31.54
_1578_,31.54
_0577_,31.52
_1247_,31.5
_0993_,31.42
imem.address\[13\],31.4
_0632_,31.24
_1624_,31.2
_1583_,31.125
_1363_,31.12
_1311_,30.81
_0706_,30.54
reg_file.registers\[11\]\[7\],30.3
_1340_,30.28
imem.address\[16\],30.04
_1041_,29.98
_1406_,29.94
reg_file.registers\[10\]\[1\],29.76
net15,29.72
_0943_,29.58
_0975_,29.22
_0606_,29.16
clknet_leaf_19_clk,29.16
_0720_,29.06
_0004_,28.985
_0664_,28.96
reg_file.registers\[11\]\[10\],28.92
reg_file.registers\[5\]\[0\],28.915
_1189_,28.9
_1287_,28.82
_1334_,28.58
_1670_,28.58
_1606_,28.54
reg_file.registers\[11\]\[25\],28.51
_1353_,28.48
_0775_,28.36
_1413_,28.36
_1626_,28.28
_0997_,28.2
clknet_leaf_2_clk,28.16
_1666_,27.98
_1471_,27.8
_1249_,27.7
_0476_,27.6
_1038_,27.44
_0454_,27.4
_0911_,27.36
_1325_,27.26
_0900_,27.2
_1134_,27.18
reg_file.registers\[11\]\[20\],27.16
reg_file.registers\[11\]\[18\],27.14
_0961_,27.08
_0811_,26.76
_1305_,26.68
_1401_,26.58
net36,26.56
_1093_,26.52
_1359_,26.52
_0447_,26.5
_1653_,26.49
_0735_,26.48
_1044_,26.48
reg_file.registers\[2\]\[2\],26.34
_0683_,26.25
_1127_,26.16
_0848_,26.06
_1187_,26.06
reg_file.registers\[11\]\[21\],25.98
_0793_,25.94
imem.address\[7\],25.94
reg_file.registers\[11\]\[27\],25.68
imem.address\[2\],25.66
_1595_,25.64
net24,25.54
reg_file.registers\[5\]\[16\],25.5
reg_file.registers\[10\]\[30\],25.44
_1651_,25.22
_1168_,25
reg_file.registers\[11\]\[22\],24.9
_1575_,24.72
_1216_,24.66
_1364_,24.52
_1599_,24.46
_1180_,24.3
reg_file.registers\[11\]\[31\],24.3
_1611_,24.26
_0581_,24.16
_1173_,24.1
reg_file.registers\[15\]\[14\],24.04
_0596_,23.98
_0938_,23.86
reg_file.registers\[15\]\[15\],23.86
_0459_,23.8
_1356_,23.7
reg_file.registers\[11\]\[15\],23.7
imem.address\[6\],23.68
_1314_,23.62
_1514_,23.62
net10,23.46
reg_file.registers\[11\]\[11\],23.4
_0713_,23.38
_0468_,23.335
_0814_,23.26
_1043_,23.18
_1358_,22.88
_1532_,22.72
_0412_,22.605
_1593_,22.55
_1097_,22.54
reg_file.registers\[15\]\[19\],22.485
_0699_,22.4
_0824_,22.36
_1057_,22.36
_1678_,22.18
_1405_,22.06
_0859_,22.04
_1131_,21.98
_1176_,21.98
net26,21.9
_1414_,21.78
_0613_,21.76
_0473_,21.74
_1674_,21.68
net8,21.66
net9,21.66
imem.address\[25\],21.56
_0678_,21.54
_1333_,21.54
_0614_,21.535
_0801_,21.48
imem.address\[26\],21.48
_0591_,21.46
imem.address\[22\],21.46
reg_file.registers\[2\]\[0\],21.46
_1259_,21.42
_0838_,21.32
_0643_,21.18
_0906_,21.18
_1197_,21
_0789_,20.98
_1645_,20.93
_1165_,20.84
reg_file.registers\[11\]\[28\],20.8
_1194_,20.74
_0560_,20.65
_0648_,20.58
_0474_,20.565
_1480_,20.52
_0973_,20.39
_1049_,20.36
_0962_,20.34
_1031_,20.32
reg_file.registers\[2\]\[25\],20.28
reg_file.registers\[2\]\[18\],20.12
reg_file.registers\[5\]\[28\],20.06
_0964_,20
_0916_,19.9
display.counter\[0\],19.84
reg_file.registers\[15\]\[12\],19.795
_0677_,19.635
net19,19.62
net59,19.6
_1303_,19.54
_1561_,19.5
net48,19.48
reg_file.registers\[2\]\[3\],19.36
_0461_,19.32
_0675_,19.28
_0953_,19.22
_1657_,19.22
_1264_,19.08
_1195_,19.06
_0821_,18.96
_1106_,18.96
_1559_,18.96
_0867_,18.74
_1341_,18.74
_0781_,18.66
_0006_,18.645
_1215_,18.62
_0674_,18.6
reg_file.registers\[2\]\[24\],18.58
_1199_,18.56
_0719_,18.52
_0935_,18.52
_1467_,18.52
_0803_,18.46
_0769_,18.38
_1528_,18.22
_0737_,18.155
_1682_,18.095
_1533_,17.94
imem.address\[9\],17.92
_0818_,17.9
_1385_,17.9
_1352_,17.88
_1526_,17.88
_0800_,17.86
_1204_,17.815
_0555_,17.78
_0837_,17.76
_1400_,17.72
_1050_,17.655
_1090_,17.64
_1610_,17.6
_0645_,17.56
_0758_,17.54
reg_file.registers\[2\]\[6\],17.54
_0805_,17.52
_1024_,17.5
_1535_,17.5
imem.address\[14\],17.48
_0554_,17.44
_1609_,17.44
reg_file.registers\[5\]\[3\],17.425
_0784_,17.42
_1686_,17.38
reg_file.registers\[2\]\[28\],17.22
_1394_,17.06
_1087_,16.98
_1520_,16.98
_0753_,16.94
display.counter\[13\],16.88
_1191_,16.84
_0881_,16.82
_1524_,16.81
_0467_,16.54
imem.address\[4\],16.54
imem.address\[30\],16.48
_1389_,16.47
reg_file.registers\[5\]\[27\],16.44
_0919_,16.36
_1203_,16.36
reg_file.registers\[10\]\[31\],16.36
_1663_,16.32
_0896_,16.31
_0816_,16.24
_0845_,16.14
_1027_,16.14
_0798_,16.04
_1650_,16.02
display.counter\[10\],16
reg_file.registers\[5\]\[2\],15.98
_0618_,15.92
_1499_,15.92
_0634_,15.9
_0861_,15.9
imem.address\[28\],15.84
imem.address\[8\],15.84
_0335_,15.82
_0912_,15.8
display.counter\[4\],15.8
net38,15.8
_0414_,15.745
_1021_,15.7
_1047_,15.68
_0890_,15.54
_0942_,15.52
_1005_,15.52
_1436_,15.52
_0954_,15.5
reg_file.registers\[15\]\[16\],15.485
imem.address\[10\],15.44
_1525_,15.42
net47,15.42
_1122_,15.4
_0417_,15.38
_1643_,15.34
_0617_,15.3
_1672_,15.28
_0807_,15.26
_1009_,15.24
_1230_,15.22
_1403_,15.18
_0840_,15.16
_0884_,15.1
_0283_,15.02
_1037_,15.02
_1322_,15.02
_1664_,15.02
imem.address\[20\],14.96
_0817_,14.95
_0897_,14.94
_0452_,14.92
_0712_,14.92
_1012_,14.92
_1039_,14.92
net60,14.9
net27,14.88
display.digit_sel\[2\],14.78
net41,14.76
_0728_,14.74
_0635_,14.7
_0271_,14.68
_0740_,14.6
_0796_,14.58
display.counter\[1\],14.52
reg_file.registers\[5\]\[11\],14.52
_0734_,14.44
_0763_,14.44
reg_file.registers\[5\]\[10\],14.43
_0604_,14.42
_0764_,14.4
_1295_,14.38
_1223_,14.32
_1523_,14.3
display.counter\[7\],14.3
_0872_,14.26
_1412_,14.22
_0217_,14.2
_1160_,14.2
_0905_,14.18
_1306_,14.17
_1716_,14.02
seg[0],14.01
_0869_,13.98
_0774_,13.88
_1588_,13.86
_1355_,13.84
_1597_,13.805
_1296_,13.8
imem.address\[27\],13.79
reg_file.registers\[15\]\[9\],13.695
_0883_,13.64
_1067_,13.6
_0708_,13.56
_1313_,13.56
imem.address\[19\],13.525
reg_file.registers\[5\]\[7\],13.5
_0704_,13.46
_1424_,13.42
_0891_,13.36
_0640_,13.34
_1635_,13.34
_1529_,13.31
reg_file.registers\[5\]\[19\],13.285
_0879_,13.28
_0739_,13.26
_1680_,13.24
_0556_,13.18
_1521_,13.18
_0757_,13.14
_1061_,13.1
reg_file.registers\[5\]\[14\],13.07
_0886_,13.04
_1051_,13.04
_1475_,13.04
_1144_,13
_0749_,12.98
_0460_,12.88
reg_file.registers\[5\]\[31\],12.84
net55,12.84
_0835_,12.82
_0923_,12.8
reg_file.registers\[2\]\[12\],12.8
_0850_,12.78
reg_file.registers\[15\]\[0\],12.775
reg_file.registers\[15\]\[28\],12.765
_0571_,12.72
_0000_,12.665
_1109_,12.66
imem.address\[23\],12.655
reg_file.registers\[15\]\[7\],12.625
_1075_,12.58
_0854_,12.5
_0948_,12.46
reg_file.registers\[5\]\[6\],12.46
_1299_,12.38
_0925_,12.34
reg_file.registers\[5\]\[8\],12.34
imem.address\[3\],12.3
_1446_,12.28
_0620_,12.24
_0868_,12.22
_0362_,12.16
_1658_,12.16
_1646_,12.14
_0932_,12.12
display.counter\[17\],12.12
_0887_,12.08
_1568_,12.08
_0626_,12.04
_0631_,12.04
_1183_,12.04
net14,12.04
_0828_,12
_1709_,11.96
_0287_,11.94
_0804_,11.9
_1531_,11.88
_1591_,11.8
_0875_,11.76
_1701_,11.76
_0294_,11.72
reg_file.registers\[15\]\[31\],11.72
reg_file.registers\[2\]\[23\],11.72
_1615_,11.66
reg_file.registers\[15\]\[30\],11.66
net2,11.66
_0587_,11.64
reg_file.registers\[15\]\[24\],11.625
_1518_,11.6
_0949_,11.59
_0450_,11.58
reg_file.registers\[2\]\[26\],11.54
_1675_,11.5
_0372_,11.48
_0727_,11.46
_1096_,11.46
_0017_,11.415
_0920_,11.38
_0653_,11.36
reg_file.registers\[2\]\[5\],11.36
_0794_,11.34
_1417_,11.34
_0595_,11.32
_1673_,11.315
reg_file.registers\[2\]\[27\],11.3
_0600_,11.28
_0593_,11.26
_1149_,11.24
reg_file.registers\[15\]\[10\],11.225
_0621_,11.22
_0696_,11.22
_0690_,11.2
_0705_,11.2
_1182_,11.2
prev_control,11.2
_0783_,11.14
reg_file.registers\[15\]\[18\],11.125
_1221_,11.12
_0910_,11.1
_1101_,11.1
_0832_,10.96
display.counter\[3\],10.96
reg_file.registers\[5\]\[12\],10.955
reg_file.registers\[15\]\[17\],10.885
_0628_,10.86
_0924_,10.86
_1030_,10.86
_0820_,10.8
_1527_,10.78
_1118_,10.76
_1288_,10.705
reg_file.registers\[5\]\[29\],10.7
_0882_,10.69
_1290_,10.66
_1377_,10.64
_0687_,10.62
_1668_,10.58
_1274_,10.56
_1448_,10.56
_0492_,10.54
imem.address\[17\],10.54
reg_file.registers\[2\]\[31\],10.54
_1236_,10.5
reg_file.registers\[5\]\[22\],10.5
_1213_,10.48
_0623_,10.46
_0589_,10.44
_0982_,10.44
_0647_,10.435
reg_file.registers\[2\]\[9\],10.42
_1586_,10.41
_1462_,10.4
_1302_,10.38
_1584_,10.38
reg_file.registers\[15\]\[27\],10.38
_1628_,10.32
_0780_,10.3
display.counter\[14\],10.24
_0676_,10.2
_0950_,10.2
_0655_,10.18
_0866_,10.18
_0808_,10.14
_0809_,10.14
reg_file.registers\[15\]\[21\],10.115
reg_file.registers\[5\]\[9\],10.085
_0245_,10.08
_0958_,10.04
_0277_,10
_0363_,10
_0278_,9.98
_0290_,9.98
_0685_,9.95
_1419_,9.94
_0709_,9.9
_0856_,9.88
_0686_,9.86
_0833_,9.86
_1603_,9.86
reg_file.registers\[15\]\[8\],9.825
_0306_,9.82
_0471_,9.82
_1632_,9.82
imem.address\[11\],9.72
_0976_,9.7
_1721_,9.7
_1378_,9.66
imem.address\[18\],9.62
imem.address\[12\],9.6
_1321_,9.58
_0256_,9.54
_0265_,9.54
net40,9.54
_1482_,9.52
_1537_,9.52
net42,9.5
_1181_,9.46
_0641_,9.42
_1336_,9.4
_1369_,9.4
_1551_,9.4
_0530_,9.38
_0545_,9.38
_0937_,9.36
_0442_,9.34
_1576_,9.32
_0660_,9.24
_0668_,9.24
_1538_,9.24
_1655_,9.24
reg_file.registers\[2\]\[21\],9.24
_0170_,9.21
_0360_,9.2
_0082_,9.17
_0700_,9.16
_1456_,9.14
_1566_,9.14
_0625_,9.12
_0724_,9.12
_1324_,9.12
_1570_,9.08
_0898_,9.06
_1301_,9.06
_0921_,9.04
_1178_,9.04
_0669_,9.02
_0672_,9.02
_1488_,9.02
reg_file.registers\[2\]\[19\],9.02
net39,9
_0601_,8.98
_1601_,8.98
_0665_,8.94
_0738_,8.94
reg_file.registers\[2\]\[13\],8.92
_0431_,8.9
_1627_,8.9
reg_file.registers\[5\]\[20\],8.9
reg_file.registers\[5\]\[21\],8.9
_0839_,8.82
_1201_,8.82
display.counter\[2\],8.82
imem.address\[21\],8.82
display.counter\[5\],8.8
_0656_,8.78
_0760_,8.78
_1224_,8.78
display.counter\[15\],8.78
imem.address\[15\],8.78
reg_file.registers\[15\]\[3\],8.78
_1662_,8.74
net31,8.72
_0054_,8.71
_1556_,8.7
_0369_,8.68
_1684_,8.66
reg_file.registers\[2\]\[29\],8.66
_1431_,8.64
_0288_,8.62
_0289_,8.62
_0182_,8.6
_1212_,8.6
_1659_,8.6
_0637_,8.58
_0892_,8.58
_0584_,8.56
_0667_,8.56
_0703_,8.555
_0446_,8.54
_0520_,8.52
_1656_,8.52
_1371_,8.5
_1493_,8.48
_1679_,8.48
_1687_,8.48
_1219_,8.46
_0419_,8.44
_0903_,8.44
_0956_,8.44
_1546_,8.44
_0097_,8.43
reg_file.registers\[5\]\[13\],8.36
_1652_,8.34
_1104_,8.32
_0005_,8.3
_0661_,8.24
reg_file.registers\[2\]\[7\],8.24
net33,8.24
display.counter\[8\],8.22
reg_file.registers\[5\]\[18\],8.22
_0242_,8.2
_1339_,8.2
_0264_,8.18
_1117_,8.18
_0889_,8.16
_1217_,8.14
reg_file.registers\[15\]\[6\],8.14
_0963_,8.12
_0855_,8.1
_1304_,8.1
_1689_,8.1
reg_file.registers\[15\]\[26\],8.085
_0730_,8.06
_1146_,8.06
_1151_,8.06
_1508_,8.06
_0022_,8.025
_0965_,8.02
_1060_,8.02
_1677_,8.02
_0688_,8
_1370_,8
_0955_,7.98
_1218_,7.98
_1310_,7.98
_1373_,7.98
_1683_,7.98
_1141_,7.96
_1498_,7.9
reg_file.registers\[2\]\[30\],7.86
reg_file.registers\[5\]\[24\],7.86
_0224_,7.82
_0233_,7.82
_0003_,7.815
_0873_,7.78
_1089_,7.78
_1162_,7.78
reg_file.registers\[15\]\[29\],7.78
_0746_,7.76
reg_file.registers\[5\]\[26\],7.76
net56,7.74
_0836_,7.73
_0183_,7.72
_0797_,7.69
_0496_,7.68
_0638_,7.68
_1563_,7.68
net21,7.68
net22,7.66
_0255_,7.64
_0317_,7.64
_0576_,7.6
net7,7.6
_0652_,7.56
_0682_,7.56
_1505_,7.56
reg_file.registers\[5\]\[5\],7.56
_1202_,7.54
_0498_,7.52
_1430_,7.52
net6,7.52
_0478_,7.5
_0462_,7.48
_0931_,7.48
_0721_,7.44
_1681_,7.44
_1006_,7.42
_0223_,7.4
_1283_,7.38
_0392_,7.345
_0286_,7.34
_0827_,7.34
_0895_,7.32
reg_file.registers\[2\]\[10\],7.32
_0229_,7.3
display.counter\[16\],7.3
_1418_,7.24
_0327_,7.22
_0436_,7.22
_0486_,7.22
_0506_,7.22
_0966_,7.22
_1517_,7.22
_0695_,7.2
_1323_,7.2
_0077_,7.17
_1205_,7.14
_0602_,7.12
reg_file.registers\[15\]\[2\],7.105
_0300_,7.1
_0367_,7.1
_0542_,7.1
_1453_,7.1
_1513_,7.1
_0860_,7.08
_0426_,7.06
_0759_,7.06
_1279_,7.06
seg[2],7.01
_0629_,6.98
_0972_,6.98
_1010_,6.98
reg_file.registers\[2\]\[17\],6.96
_0511_,6.94
_1269_,6.92
_0810_,6.9
_1433_,6.88
_1636_,6.88
reg_file.registers\[2\]\[8\],6.86
_0184_,6.84
_0904_,6.82
_0243_,6.76
_0427_,6.76
_1266_,6.76
_0249_,6.72
_0331_,6.72
_0352_,6.72
_0499_,6.72
_1229_,6.72
_0406_,6.685
_0413_,6.685
_0782_,6.66
reg_file.registers\[15\]\[11\],6.645
_0222_,6.64
_0823_,6.64
_0829_,6.64
_0968_,6.64
_1489_,6.64
_1504_,6.64
_0899_,6.6
_1316_,6.6
_1335_,6.6
_0583_,6.58
net18,6.56
_1543_,6.54
_0636_,6.52
_0858_,6.52
_1350_,6.5
_1154_,6.44
_1220_,6.44
_1536_,6.4
imem.address\[31\],6.4
_0382_,6.38
_1169_,6.38
_1226_,6.38
reg_file.registers\[5\]\[25\],6.38
_0085_,6.37
_0508_,6.36
_1580_,6.36
_1699_,6.36
imem.address\[24\],6.34
_0630_,6.32
_0684_,6.32
_0851_,6.32
_0915_,6.32
_0235_,6.3
_0515_,6.3
_0516_,6.3
_0822_,6.3
_1158_,6.3
_1252_,6.3
_1326_,6.3
_1432_,6.28
_0231_,6.26
_0773_,6.26
_0852_,6.26
_1142_,6.26
_1404_,6.26
_0445_,6.2
_0885_,6.2
_0090_,6.18
_0510_,6.18
_0533_,6.18
_0650_,6.18
_1120_,6.18
reg_file.registers\[15\]\[5\],6.18
_0019_,6.165
_0633_,6.16
reg_file.registers\[15\]\[23\],6.145
_0502_,6.14
_0521_,6.14
_1001_,6.14
_1494_,6.14
display.counter\[9\],6.14
imem.address\[29\],6.14
_0018_,6.135
_1011_,6.06
reg_file.registers\[2\]\[16\],6.06
_0059_,6.02
_0147_,6.02
_0333_,6.02
_0046_,5.99
_0166_,5.99
_1171_,5.98
_0025_,5.965
_1307_,5.96
_0055_,5.95
_0615_,5.94
_1654_,5.94
reg_file.registers\[15\]\[25\],5.94
_0220_,5.92
_0323_,5.92
_0379_,5.92
reg_file.registers\[5\]\[23\],5.9
_0002_,5.895
_1402_,5.86
_0340_,5.84
_0425_,5.84
_0437_,5.84
_0876_,5.84
_1172_,5.84
_1368_,5.84
_1379_,5.84
_1485_,5.84
_0185_,5.82
net51,5.82
_0439_,5.8
_0512_,5.8
_0733_,5.8
_0748_,5.8
_0980_,5.8
_1185_,5.8
_0432_,5.74
_0570_,5.74
_0433_,5.72
_0435_,5.72
_0722_,5.72
_1020_,5.72
_1035_,5.72
_1177_,5.72
_1273_,5.72
_1501_,5.72
_1671_,5.72
display.counter\[11\],5.72
net23,5.72
_1594_,5.7
_0443_,5.68
_0501_,5.68
_0513_,5.68
_0525_,5.68
_0865_,5.68
_1367_,5.68
_1503_,5.68
_1633_,5.68
_1720_,5.68
_1722_,5.68
_0334_,5.645
_1242_,5.62
_1263_,5.62
_0985_,5.6
_1100_,5.58
_0029_,5.56
_0034_,5.56
_0122_,5.56
_0145_,5.56
_0201_,5.56
_0228_,5.56
_0284_,5.5
_0376_,5.5
_1470_,5.5
_0128_,5.49
reg_file.registers\[5\]\[15\],5.49
_0226_,5.48
_0766_,5.48
_1328_,5.48
_0091_,5.46
_0779_,5.46
_0488_,5.4
reg_file.registers\[2\]\[14\],5.4
_0208_,5.39
_0234_,5.38
_0523_,5.38
_0841_,5.38
_1179_,5.38
_1502_,5.38
_1554_,5.38
_1605_,5.38
_0849_,5.36
_0490_,5.34
_0532_,5.34
_0547_,5.34
_1292_,5.34
_1460_,5.34
_1512_,5.34
net11,5.34
_0189_,5.33
_0196_,5.33
_0209_,5.33
an[0],5.31
an[2],5.31
an[4],5.31
seg[6],5.31
seg[3],5.29
_0318_,5.26
_0332_,5.26
_1098_,5.26
_1262_,5.26
_1427_,5.26
_1474_,5.26
_1539_,5.26
_1549_,5.26
net52,5.26
_0173_,5.22
_0418_,5.22
_1062_,5.22
_1222_,5.21
_1289_,5.16
reg_file.registers\[15\]\[20\],5.145
_0124_,5.14
_0144_,5.1
_0219_,5.085
_1056_,5.06
_0261_,5.04
_1082_,5
_1083_,5
_0117_,4.99
control,4.95
_0644_,4.94
_0670_,4.94
net43,4.94
_0110_,4.93
_0180_,4.93
_0238_,4.92
_0307_,4.92
_0315_,4.92
_0424_,4.92
_0472_,4.92
_0509_,4.92
_0751_,4.92
_0981_,4.92
_1280_,4.92
_1357_,4.92
_1547_,4.9
_0444_,4.88
_0544_,4.88
_0844_,4.88
_1186_,4.88
_0132_,4.87
_1346_,4.82
_0120_,4.8
_0909_,4.8
_0987_,4.8
_1507_,4.8
_1541_,4.8
_1639_,4.8
_1685_,4.8
_0204_,4.78
_0237_,4.765
_0387_,4.765
_0171_,4.76
_0526_,4.76
_1408_,4.76
_1544_,4.76
reg_file.registers\[5\]\[17\],4.76
_0129_,4.75
_0048_,4.71
_0130_,4.71
_1111_,4.68
_1320_,4.68
_1133_,4.66
an[6],4.61
seg[4],4.61
_0765_,4.6
_0011_,4.585
_0089_,4.58
_0251_,4.58
_0267_,4.58
_0375_,4.58
_0390_,4.58
_0395_,4.58
_1281_,4.58
_1572_,4.58
net46,4.56
_0015_,4.555
_0074_,4.54
_0080_,4.54
_0164_,4.54
_0280_,4.54
_0092_,4.53
_0111_,4.53
_0113_,4.53
_0146_,4.51
_0843_,4.51
_1196_,4.5
_1496_,4.48
_0449_,4.47
_0140_,4.46
_0232_,4.46
_0314_,4.46
_0524_,4.46
_0529_,4.46
_0729_,4.46
_0826_,4.46
_0957_,4.46
_1450_,4.46
_1491_,4.46
net57,4.46
_0086_,4.44
_1237_,4.44
_0354_,4.42
_0514_,4.42
_0605_,4.42
_0926_,4.42
_1271_,4.42
_1384_,4.42
_1455_,4.42
_0023_,4.385
_0552_,4.36
_1465_,4.36
_1715_,4.36
net58,4.36
_0344_,4.34
_0355_,4.34
_0428_,4.34
_0522_,4.34
_0977_,4.34
_0986_,4.34
_0998_,4.34
_1136_,4.34
_1209_,4.34
_1625_,4.34
reg_file.registers\[2\]\[15\],4.34
net4,4.34
net12,4.34
net45,4.34
_1466_,4.32
_0028_,4.27
_1105_,4.24
reg_file.registers\[15\]\[22\],4.225
_0239_,4.22
_0321_,4.22
_1676_,4.22
display.counter\[6\],4.22
reg_file.registers\[2\]\[20\],4.22
reg_file.registers\[5\]\[30\],4.22
_1042_,4.2
_1166_,4.2
_1167_,4.2
_1278_,4.2
_0094_,4.15
_1614_,4.14
_0241_,4.12
_0266_,4.12
_0311_,4.12
_0319_,4.12
_0830_,4.12
_0309_,4.1
_1023_,4.1
_0031_,4.08
_0071_,4.08
_0134_,4.08
_0121_,4.07
_0135_,4.07
_0030_,4.05
_0385_,4.02
_1148_,4.02
_0259_,4
_0268_,4
_0273_,4
_0281_,4
_0320_,4
_0380_,4
_0391_,4
_0777_,4
_0778_,4
_0945_,4
_0999_,4
_1066_,4
_1126_,4
_1210_,4
_1393_,4
_1398_,4
_1416_,4
_0138_,3.98
_1099_,3.98
_1665_,3.98
an[1],3.93
an[3],3.93
an[5],3.93
an[7],3.93
seg[1],3.93
seg[5],3.93
_0026_,3.925
_1091_,3.9
_0393_,3.88
_0441_,3.88
_0659_,3.88
_0918_,3.88
_1392_,3.88
_1447_,3.88
_1473_,3.88
display.counter\[19\],3.88
net50,3.88
_1410_,3.78
_0197_,3.76
_0218_,3.76
_0304_,3.76
_0351_,3.76
_0368_,3.76
_0374_,3.76
_1253_,3.76
display.counter\[12\],3.76
display.counter\[18\],3.76
_0126_,3.69
_0142_,3.69
_0155_,3.69
_1156_,3.68
_1248_,3.68
_0244_,3.66
_0341_,3.66
_0359_,3.66
_1132_,3.66
_1297_,3.64
_0049_,3.59
_0100_,3.59
_0157_,3.59
_0179_,3.59
_0181_,3.59
reg_file.registers\[15\]\[13\],3.565
_0611_,3.56
_1077_,3.56
_1094_,3.56
_1337_,3.56
_0102_,3.54
_0270_,3.54
_0275_,3.54
_0357_,3.54
_0366_,3.54
_0377_,3.54
_0388_,3.54
_0394_,3.54
_0402_,3.54
_0585_,3.54
_0767_,3.54
_0959_,3.54
_1085_,3.54
_1147_,3.54
_1395_,3.54
_1426_,3.54
_1618_,3.54
_0150_,3.52
_1545_,3.44
_0039_,3.42
_0136_,3.42
_0535_,3.42
_0609_,3.42
_1275_,3.42
_1277_,3.42
_1388_,3.42
_1435_,3.42
_1571_,3.42
_1667_,3.42
_1669_,3.42
_0001_,3.405
_0407_,3.32
_0716_,3.32
_0743_,3.32
_1293_,3.32
_1478_,3.32
_1564_,3.32
_0042_,3.3
_0043_,3.3
_0188_,3.3
_1315_,3.28
_0036_,3.23
_0603_,3.22
_1028_,3.22
_1040_,3.22
_1211_,3.22
_0252_,3.2
_0272_,3.2
_0328_,3.2
_0342_,3.2
_0345_,3.2
_0348_,3.2
_0400_,3.2
_0195_,3.18
_0014_,3.175
_0032_,3.15
_0033_,3.13
_0175_,3.13
_0176_,3.13
_0187_,3.13
_0485_,3.1
_0494_,3.1
_0503_,3.1
_0531_,3.1
_0673_,3.1
_1130_,3.1
_1256_,3.1
_1284_,3.1
_1327_,3.1
_1451_,3.1
_1500_,3.1
reg_file.registers\[2\]\[22\],3.1
_0221_,3.08
_0302_,3.08
_0313_,3.08
_0356_,3.08
_0389_,3.08
_0787_,3.08
_0846_,3.08
_1112_,3.08
_1175_,3.08
_0106_,3.06
_0214_,3.06
_0070_,2.96
_0397_,2.96
_0487_,2.96
_0495_,2.96
_0536_,2.96
_0541_,2.96
_0714_,2.96
_0941_,2.96
_1095_,2.96
_1234_,2.96
_1309_,2.96
_1452_,2.96
_1481_,2.96
_1565_,2.96
_1598_,2.96
_1617_,2.96
net13,2.96
_0257_,2.925
_0346_,2.925
_0013_,2.86
_0285_,2.86
_1164_,2.86
_1240_,2.86
_0044_,2.84
_0045_,2.84
_0067_,2.84
_0084_,2.84
_0103_,2.84
_0115_,2.84
_0139_,2.84
_0153_,2.84
_0154_,2.84
_0163_,2.84
_0165_,2.84
_0168_,2.84
_0194_,2.84
_0205_,2.84
_0212_,2.84
_0293_,2.84
net29,2.84
net30,2.84
_0053_,2.77
_1045_,2.76
_1170_,2.76
_1260_,2.76
_1479_,2.76
_1661_,2.76
_0193_,2.74
_0199_,2.74
_0240_,2.74
_0253_,2.74
_0254_,2.74
_0279_,2.74
_0296_,2.74
_0347_,2.74
_0358_,2.74
_0381_,2.74
_0383_,2.74
_0384_,2.74
_0386_,2.74
_0399_,2.74
_0598_,2.74
_0162_,2.72
_0064_,2.69
_0088_,2.69
_0093_,2.69
_0107_,2.69
_0116_,2.69
_0174_,2.69
_0274_,2.64
_1080_,2.64
_1163_,2.64
_1282_,2.64
_1351_,2.64
_1562_,2.64
_1647_,2.64
reg_file.registers\[2\]\[11\],2.64
_1381_,2.63
_0131_,2.62
_0143_,2.62
_0236_,2.62
_0260_,2.62
_0324_,2.62
_0336_,2.62
_0403_,2.62
_0404_,2.62
_0681_,2.62
_1081_,2.62
_1092_,2.62
_1238_,2.62
_1255_,2.62
_1286_,2.62
_1442_,2.62
_1613_,2.62
_1620_,2.62
_0020_,2.605
_0009_,2.595
_0405_,2.585
_0016_,2.54
_0422_,2.52
_0799_,2.52
_0978_,2.52
_0992_,2.52
_0035_,2.5
_0215_,2.5
_0423_,2.5
_0438_,2.5
_0657_,2.5
_0940_,2.5
_1034_,2.5
_1235_,2.5
_1272_,2.5
_1300_,2.5
_1354_,2.5
_1438_,2.5
_1445_,2.5
_1629_,2.5
_1029_,2.4
_1573_,2.4
_0037_,2.38
_0041_,2.38
_0066_,2.38
_0075_,2.38
_0087_,2.38
_0105_,2.38
_0114_,2.38
_0169_,2.38
_0172_,2.38
_0206_,2.38
_0207_,2.38
_0378_,2.38
_0008_,2.365
_0230_,2.3
_1116_,2.3
_1174_,2.3
_1411_,2.3
_0057_,2.28
_0061_,2.28
_0149_,2.28
_0248_,2.28
_0316_,2.28
_0398_,2.28
_1124_,2.28
_1135_,2.28
_1258_,2.28
_1422_,2.28
_0040_,2.23
_0047_,2.23
_0052_,2.23
_0058_,2.23
_0063_,2.23
_0065_,2.23
_0079_,2.23
_0081_,2.23
_0104_,2.23
_0108_,2.23
_0133_,2.23
_0137_,2.23
_0148_,2.23
_0158_,2.23
_0161_,2.23
_0178_,2.23
_0191_,2.23
_0200_,2.23
_0210_,2.23
_0050_,2.21
_0203_,2.21
_0216_,2.18
_0246_,2.18
_0247_,2.18
_0250_,2.18
_0258_,2.18
_0262_,2.18
_0291_,2.18
_0292_,2.18
_0295_,2.18
_0297_,2.18
_0322_,2.18
_0337_,2.18
_0338_,2.18
_0339_,2.18
_0343_,2.18
_0349_,2.18
_0350_,2.18
_0353_,2.18
_0365_,2.18
_0370_,2.18
_0371_,2.18
_0878_,2.18
_0983_,2.18
_1276_,2.18
_1542_,2.18
_1548_,2.18
_1550_,2.18
_0072_,2.16
_0098_,2.16
_0159_,2.16
_0225_,2.16
_0534_,2.16
_0553_,2.16
_0754_,2.16
_0813_,2.16
_0974_,2.16
_1079_,2.16
_1103_,2.16
_1159_,2.16
_1208_,2.16
_1228_,2.16
_1338_,2.16
_1380_,2.16
_1569_,2.16
_1582_,2.16
_1623_,2.16
net3,2.16
net5,2.16
net28,2.16
net34,2.16
_0007_,2.145
_0010_,2.145
_0012_,2.145
_0024_,2.085
_0021_,2.08
_0416_,2.06
_0430_,2.06
_0434_,2.06
_0440_,2.06
_0646_,2.06
_0930_,2.06
_1330_,2.06
_1361_,2.06
_1477_,2.06
_0069_,2.04
_0076_,2.04
_0141_,2.04
_0465_,2.04
_0756_,2.04
_1048_,2.04
_1102_,2.04
_1245_,2.04
_1349_,2.04
_1119_,1.94
_1261_,1.94
_1560_,1.94
_0227_,1.84
_1342_,1.84
_1461_,1.84
_1515_,1.84
_1637_,1.84
_1690_,1.84
_0027_,1.82
_0051_,1.82
_0056_,1.82
_0060_,1.82
_0095_,1.82
_0096_,1.82
_0186_,1.82
_0198_,1.82
_0263_,1.82
_0301_,1.82
_0303_,1.82
_0305_,1.82
_0308_,1.82
_0310_,1.82
_0312_,1.82
_0329_,1.82
_0330_,1.82
_0364_,1.82
_0396_,1.82
_1007_,1.82
_1036_,1.82
_1198_,1.82
_1589_,1.82
_0083_,1.75
_0151_,1.75
_0190_,1.75
_1214_,1.72
_0062_,1.7
_0112_,1.7
_0118_,1.7
_0123_,1.7
_0152_,1.7
_0211_,1.7
_0298_,1.7
_0325_,1.7
_0326_,1.7
_0361_,1.7
_0373_,1.7
_0401_,1.7
_0812_,1.7
_1268_,1.7
_1409_,1.7
_1600_,1.7
_1660_,1.7
_0421_,1.6
_0429_,1.6
_1602_,1.6
net25,1.6
net53,1.6
_1121_,1.48
_1596_,1.48
_0480_,1.38
_0497_,1.38
_0527_,1.38
_0537_,1.38
_0538_,1.38
_0540_,1.38
_0543_,1.38
_0546_,1.38
_0548_,1.38
_0549_,1.38
_1486_,1.38
_1487_,1.38
_1506_,1.38
_1516_,1.38
_1604_,1.38
_0038_,1.36
_0068_,1.36
_0073_,1.36
_0078_,1.36
_0099_,1.36
_0101_,1.36
_0109_,1.36
_0119_,1.36
_0125_,1.36
_0127_,1.36
_0156_,1.36
_0160_,1.36
_0167_,1.36
_0177_,1.36
_0192_,1.36
_0202_,1.36
_0213_,1.36
_0269_,1.36
_0276_,1.36
_0282_,1.36
_0299_,1.36
_0908_,1.36
_1188_,1.36
_0565_,1.26
_0736_,1.26
_1086_,1.26
_1374_,1.26
_1540_,1.26
_1552_,1.26
_0420_,1.14
_0946_,1.14
_1227_,1.14
_1251_,1.14
_1319_,1.14
_1469_,1.14
_1553_,1.14
_1555_,1.14
_1592_,1.14
_1641_,1.14
_1076_,1.02
_1123_,1.02
_1129_,1.02
_1270_,1.02
_0517_,0.92
_1046_,0.92
_1190_,0.92
_1490_,0.92
_1509_,0.92
_1510_,0.92
_1638_,0.92
_0550_,0.8
_0901_,0.8
_0960_,0.8
_0969_,0.8
net32,0.8
_0484_,0.46
_0489_,0.46
_0491_,0.46
_0500_,0.46
_0505_,0.46
_0507_,0.46
_0551_,0.46
_0663_,0.46
_0877_,0.46
_0952_,0.46
_1246_,0.46
_1492_,0.46
_1497_,0.46
_1511_,0.46
